COMPANY,ADDRESS
TẬP ĐOÀN DẦU KHÍ VIỆT NAM,"5823, Ấp Thống Ca, Xã Bạch, Quận Bình, Gia Lai"
TỔNG CÔNG TY XĂNG DẦU VIỆT NAM,"9, Thôn 9, Ấp Giả Tuyền, Huyện 03, Kiên Giang"
TẬP ĐOÀN BƯU CHÍNH VIỄN THÔNG VIỆT NAM,"540 Phố Thào, Xã 6, Quận Bằng Nhi, Quảng Trị"
CÔNG TY TNHH MTV VÀNG BẠC ĐÁ QUÝ SÀI GÒN - SJC,"118, Thôn 69, Xã Khoa, Quận Chương Khuyên, Bạc Liêu"
TẬP ĐOÀN ĐIỆN LỰC VIỆT NAM,"81 Phố Mẫn Tâm Hậu, Phường Dã Trí Khê, Quận 4, Hồ Chí Minh"
XÍ NGHIỆP LIÊN DOANH DẦU KHÍ VIỆT XÔ,"9880 Phố Ân, Thôn Chung Thiên, Quận Cao, Bình Thuận"
TẬP ĐOÀN VIỄN THÔNG QUÂN ĐỘI,"137 Phố Thôi Thy Uyên, Xã Mộc Trinh Yến, Huyện Tuyền Quyết, Hồ Chí Minh"
TẬP ĐOÀN CÔNG NGHIỆP THAN - KHOÁNG SẢN VIỆT NAM,"7489, Thôn Nhữ Hường, Phường 6, Huyện Giang Liễu, Bắc Ninh"
TỔNG CÔNG TY DẦU VIỆT NAM - PVOIL,"9, Thôn Vu Vy, Xã 9, Quận Hòa Tiếp, Quảng Nam"
NGÂN HÀNG NÔNG NGHIỆP & PHÁT TRIỂN NÔNG THÔN VIỆT NAM,"9 Phố Hoàng, Phường Lỡ, Huyện Sử Việt Thùy, Đà Nẵng"
CÔNG TY TNHH MTV LỌC HÓA DẦU BÌNH SƠN,"984, Thôn Mi, Xã Chương, Huyện Tân, Hưng Yên"
TỔNG CÔNG TY THÉP VIỆT NAM,"775 Phố Mai, Xã Thoa Thơ, Huyện Đan Chế, Bình Phước"
TỔNG CÔNG TY KHÍ VIỆT NAM - CÔNG TY TNHH MTV,"0362 Phố Đinh, Phường 00, Quận Tăng Sa Ánh, Hải Phòng"
CÔNG TY HONDA VIỆT NAM,"69, Ấp An, Phường 4, Huyện Lễ Lương, Quảng Nam"
CÔNG TY TNHH NN MTV - TỔNG CÔNG TY THĂM DÒ KHAI THÁC DẦU KHÍ,"57, Ấp Chế, Xã Lục, Quận Trình Đài, Kon Tum"
TỔNG CÔNG TY HÀNG KHÔNG VIỆT NAM,"9286, Ấp 1, Xã Đài, Huyện 81, Bắc Kạn"
CÔNG TY THÔNG TIN DI ĐỘNG (VMS),"1, Thôn Vinh Việt, Xã Thoa, Huyện Diệu, Sóc Trăng"
NGÂN HÀNG TMCP CÔNG THƯƠNG VIỆT NAM,"8391 Phố Ung Tuệ Thảo, Phường San Chử, Quận 72, Hải Phòng"
CÔNG TY TNHH MTV VÀNG BẠC ĐÁ QUÝ NGÂN HÀNG SÀI GÒN THƯƠNG TÍN,"2 Phố Phùng Hòa Trâm, Xã Chung Hợp Khôi, Huyện Quyền Khôi, Cần Thơ"
NGÂN HÀNG ĐẦU TƯ VÀ PHÁT TRIỂN VIỆT NAM,"9552, Thôn 8, Ấp Trình Bình, Huyện Nhuận Cam, Phú Thọ"
CÔNG TY TNHH MTV - TỔNG CÔNG TY LƯƠNG THỰC MIỀN NAM,"7 Phố Dương Thể Nữ, Thôn Lều Mẫn, Huyện Cao Kỳ Lực, Hồ Chí Minh"
CÔNG TY TNHH SAMSUNG ELECTRONICS VIỆT NAM,"813 Phố Đới Đường Thoại, Xã 53, Quận 8, Hải Phòng"
TỔNG CÔNG TY ĐIỆN LỰC MIỀN NAM TNHH,"9 Phố Đào Vân Vũ, Thôn Ngân Đạo, Huyện Vương, Hà Nội"
TẬP ĐOÀN HÓA CHẤT VIỆT NAM,"475 Phố Tăng, Phường An Ngạn, Quận Hường Ngọc, Cần Thơ"
CÔNG TY TNHH CANON VIỆT NAM,"28 Phố Lỳ Kính Đức, Phường Ngà Vĩnh, Quận Đái, Hải Phòng"
NGÂN HÀNG TMCP NGOẠI THƯƠNG VIỆT NAM,"4 Phố Đàm Hồng Triệu, Thôn Hùng Yên, Huyện Thân, Đồng Nai"
TỔNG CÔNG TY ĐIỆN LỰC MIỀN BẮC (EVN NPC),"7, Ấp Khâu Liễu Giang, Ấp Ngụy Thanh, Quận Ngà Ngôn, Kiên Giang"
CÔNG TY CP CHĂN NUÔI C.P VIỆT NAM,"9, Thôn Lập Ánh, Xã 3, Huyện Chu, Hậu Giang"
TỔNG CÔNG TY SÔNG ĐÀ,"9814 Phố Uyển, Phường 8, Huyện Du, Cần Thơ"
CÔNG TY ÔTÔ TOYOTA VIỆT NAM,"449 Phố Hồng Tú Minh, Phường Phúc Tuệ, Huyện 0, Lạng Sơn"
CÔNG TY CP FPT,"6 Phố Tăng Sỹ Thống, Thôn Nhượng Hùng, Quận Toại Ca, Lâm Đồng"
TỔNG CÔNG TY CP BIA RƯỢU NƯỚC GIẢI KHÁT SÀI GÒN,"9225 Phố Đào Quảng Thơ, Phường Hậu Hồng, Huyện 55, Trà Vinh"
TỔNG CÔNG TY TNHH ĐIỆN LỰC THÀNH PHỐ,"963, Ấp 4, Phường 5, Quận 17, Sóc Trăng"
CÔNG TY TNHH MTV THƯƠNG MẠI SABECO,"93 Phố Hoàn, Xã 9, Huyện Thiện Trang, Hồ Chí Minh"
CÔNG TY TNHH MTV THƯƠNG MẠI KỸ THUẬT VÀ ĐẦU TƯ (PETEC),"25 Phố Mai, Xã Bồ Miên Quế, Huyện 30, Cần Thơ"
TỔNG CÔNG TY CP DỊCH VỤ KỸ THUẬT DẦU KHÍ,"4 Phố Đinh Đường Vy, Thôn Mẫn Hiền, Huyện Thu Hằng, Hồ Chí Minh"
CÔNG TY XĂNG DẦU KHU VỰC II,"0 Phố Giang Lực Thương, Xã 79, Huyện Diệp, Kiên Giang"
CÔNG TY CP TẬP ĐOÀN VÀNG BẠC ĐÁ QUÝ DOJI,"42 Phố Kha, Xã Yến, Huyện 2, Cần Thơ"
TỔNG CÔNG TY CÔNG NGHIỆP DẦU THỰC VẬT VIỆT NAM - CÔNG TY TNHH MTV,"0154 Phố Văn, Thôn Phước Tuyền, Quận Thuận Di, Hà Nội"
NGÂN HÀNG TMCP Á CHÂU,"6 Phố Cái Ái Lộc, Xã Nga, Quận 78, Hà Nội"
CÔNG TY TNHH MTV DẦU KHÍ THÀNH PHỐ HỒ CHÍ MINH,"985 Phố Cổ Sa Nhuận, Thôn Khoa Từ, Quận 5, Quảng Bình"
TỔNG CÔNG TY CP XNK VÀ XÂY DỰNG VIỆT NAM,"191 Phố Lâm Thịnh Phương, Xã Thiên Tuấn, Quận Sang Tạ, Ninh Thuận"
CÔNG TY CP SỮA VIỆT NAM,"5 Phố Khuất Đạt Võ, Thôn Tô Toàn, Quận Ngô Nhân Bạch, Trà Vinh"
CÔNG TY TNHH YAMAHA MOTOR VIỆT NAM,"417 Phố Âu Minh Nhiên, Thôn Ngân Đăng, Quận Vũ Công, Phú Thọ"
CÔNG TY TNHH QUỐC TẾ UNILEVER VIỆT NAM,"26 Phố Tạ Thy Sĩ, Xã 86, Quận Liễu Bích, Quảng Ninh"
CÔNG TY CP THƯƠNG MẠI THÁI HƯNG,"3, Thôn 86, Xã Thư, Huyện Đôn Lư, Quảng Nam"
CÔNG TY CP TẬP ĐOÀN HÒA PHÁT,"583 Phố Doãn Đình Lai, Xã Kỷ, Huyện Hàng Sỹ, Kon Tum"
TỔNG CÔNG TY ĐIỆN LỰC DẦU KHÍ VIỆT NAM,"944 Phố Bàng Phước Hạ, Xã Lã, Huyện Chấn Chiểu, Thừa Thiên Huế"
TỔNG CÔNG TY CƠ KHÍ GIAO THÔNG VẬN TẢI SÀI GÒN,"7 Phố Đôn, Thôn Dã Thục, Huyện 4, Cần Thơ"
CÔNG TY CP DẦU KHÍ VIỆT NHẬT,"972, Thôn Lai Mai, Phường 66, Huyện Chung Chưởng Lực, Thái Bình"
CÔNG TY THƯƠNG MẠI DẦU KHÍ ĐỒNG THÁP,"56 Phố Đậu, Xã Bá, Quận Huỳnh Hải Dung, Hồ Chí Minh"
CÔNG TY CP VÀNG BẠC ĐÁ QUÝ PHÚ NHUẬN,"122 Phố Đàm Huy Tuyến, Phường Phát Đức, Huyện Diệu Thiện, Trà Vinh"
CÔNG TY XĂNG DẦU B12,"8952, Thôn Trường Nhậm, Xã 6, Quận Thương Hứa, Lào Cai"
CÔNG TY TNHH POSCO VIỆT NAM,"9 Phố Chương, Ấp Ung Sơn, Quận 1, Hải Phòng"
NGÂN HÀNG TMCP KỸ THƯƠNG VIỆT NAM,"128, Thôn 02, Xã Hào Hà, Huyện Thuận, Bình Dương"
TẬP ĐOÀN BẢO VIỆT,"0147, Ấp An Kim, Phường Đình Danh, Quận Quế Khúc, Hà Nam"
CÔNG TY XĂNG DẦU KHU VỰC 1,"5182 Phố Ngụy Khai Hiền, Xã 35, Quận Thu, An Giang"
NGÂN HÀNG TMCP SÀI GÒN THƯƠNG TÍN,"0658 Phố Nhữ, Ấp Lỳ Đan, Huyện Trường, Hồ Chí Minh"
CÔNG TY TNHH MTV XĂNG DẦU HÀNG KHÔNG VIỆT NAM,"67 Phố Trà, Xã Vĩ Kiếm, Quận Triệu, Long An"
TẬP ĐOÀN PHÁT TRIỂN NHÀ VÀ ĐÔ THỊ - HUD,"155 Phố Lý Tuấn Quý, Phường 5, Huyện 4, Lai Châu"
CÔNG TY CP XUẤT NHẬP KHẨU INTIMEX,"6520 Phố Diêm Giao Từ, Xã Ngọc Tiếp, Quận Điệp Ân, Hải Phòng"
CÔNG TY TNHH MTV NHIỆT ĐIỆN PHÚ MỸ,"0851, Ấp Trung Diệp, Thôn Nguyên Hùng, Huyện Cự Khoa, Khánh Hòa"
"CÔNG TY TNHH POUYUEN VIỆT NAM - Sản xuất và gia công giầy, dép","672 Phố Phúc, Xã Hàn Dương Nghi, Quận 8, Hải Phòng"
TỔNG CÔNG TY THƯƠNG MẠI XNK THANH LỄ - TNHH MTV,"5 Phố Ung Mỹ Thảo, Phường 6, Quận Văn Duy Cát, Đà Nẵng"
LIÊN HIỆP HỢP TÁC XÃ THƯƠNG MẠI TP. HCM,"0598 Phố Nhượng, Xã 5, Huyện Đoan, Hà Giang"
CÔNG TY CP THÉP POMINA,"03 Phố Đạt, Phường 6, Quận Quế, Bến Tre"
CÔNG TY TNHH HƯNG NGHIỆP FORMOSA,"78 Phố Diệp, Xã Hậu Khoát, Quận Uy, Hồ Chí Minh"
TỔNG CÔNG TY ĐIỆN LỰC TP HÀ NỘI,"93, Thôn Sinh Diệp, Phường Khoa, Huyện 67, Cà Mau"
TỔNG CÔNG TY TRUYỀN THÔNG ĐA PHƯƠNG TIỆN - CÔNG TY TNHH MTV,"2, Thôn Mỹ Phạm, Phường 80, Quận Hiên, Lào Cai"
TỔNG CÔNG TY THƯƠNG MẠI SÀI GÒN - TNHH MTV,"6544 Phố Lưu Việt Nhi, Phường 74, Huyện Trung Trình, Quảng Trị"
CÔNG TY TNHH THƯƠNG MẠI VÀ SX THÉP VIỆT,"0 Phố Yên Vịnh Tráng, Xã Thương, Huyện Ngạn, Cần Thơ"
TỔNG CÔNG TY LẮP MÁY VIỆT NAM,"814, Ấp Hải Lưu, Xã Hoàn Khu, Huyện Phước Bằng, Tây Ninh"
TỔNG CÔNG TY XÂY DỰNG HÀ NỘI,"8 Phố Đào Lộc Thi, Xã Ngọc Hợp, Quận Khu, Hà Nội"
TỔNG CÔNG TY CP DỊCH VỤ TỔNG HỢP DẦU KHÍ,"600 Phố Khôi, Xã Giao Phụng Châu, Quận An Tuấn, Hồ Chí Minh"
CÔNG TY TNHH MTV DỊCH VỤ PHÂN PHỐI TỔNG HỢP DẦU KHÍ,"7 Phố Tôn Chinh Cúc, Xã Lữ Luận Nguyên, Huyện Đức Lã, Hải Phòng"
CÔNG TY TNHH BIA VÀ NƯỚC GIẢI KHÁT VIỆT NAM,"Phòng 8, Tầng 5, Tòa nhà văn phòng Golden Palm, 21 Lê Văn Lư, Phường Nhân Chính, Quận Thanh Xuân, Hà Nội"
TỔNG CÔNG TY HÀNG HẢI VIỆT NAM - VINALINES,"Số 646, đường Ngọc Thụy, Phường Ngọc Thuỵ, Quận Long Biên, Hà Nội"
NGÂN HÀNG TMCP QUÂN ĐỘI,"Thôn Du Nội, Xã Mai Lâm, Huyện Đông Anh, Hà Nội"
TỔNG CÔNG TY DU LỊCH SÀI GÒN - TNHH MTV,"Số 102 Tam Trinh, Phường Yên Sở, Quận Hoàng Mai, Hà Nội"
CÔNG TY TNHH NHÀ MÁY BIA VIỆT NAM,"Số nhà 05, ngõ 2 Ngô Thì Nhậm, Phường Quang Trung, Quận Hà Đông, Hà Nội"
TỔNG CÔNG TY ĐƯỜNG SẮT VIỆT NAM,"Tầng 7, Mac Plaza, số 10 Trần Phú, Phường Mộ Lao, Quận Hà Đông, Hà Nội"
NGÂN HÀNG TMCP HÀNG HẢI VIỆT NAM,"Số nhà 201 đường Hải âu 2 Vinhomes Ocean Park, Xã Kiêu Kỵ, Huyện Gia Lâm, Hà Nội"
TỔNG CÔNG TY ĐIỆN LỰC MIỀN TRUNG,"B1 Khu Công nghiệp Vinh Quang, Xã Ninh Hiệp, Huyện Gia Lâm, Hà Nội"
CÔNG TY TUYỂN THAN CỬA ÔNG - VINACOMIN,"Số I31 Đường Foresa 1, Phường Xuân Phương, Quận Nam Từ Liêm, Hà Nội"
NGÂN HÀNG TMCP XNK VIỆT NAM,"Số nhà 3, liền kề 26, Khu đô thị Văn Phú, Phường Phú La, Quận Hà Đông, Hà Nội"
CÔNG TY CP GANG THÉP THÁI NGUYÊN,"Thôn 2B, Xã Canh Nậu, Huyện Thạch Thất, Hà Nội"
CÔNG TY CP ÔTÔ TRƯỜNG HẢI - THACO,"288 Trần Khát Chân, Phường Thanh Nhàn, Quận Hai Bà Trưng, Hà Nội"
TỔNG CÔNG TY BƯU CHÍNH VIỆT NAM,"Số 23 B2+3 Khu Đầm Trấu, Phường Bạch Đằng, Quận Hai Bà Trưng, Hà Nội"
TỔNG CÔNG TY THUỐC LÁ VIỆT NAM,"Lô 06, 07 Shophouse Vạn Phúc, Phường Vạn Phúc, Quận Hà Đông, Hà Nội"
NGÂN HÀNG CHÍNH SÁCH XÃ HỘI,"Thôn Tiên Hùng, Xã Nguyên Khê, Huyện Đông Anh, Hà Nội"
TỔNG CÔNG TY CP XÂY LẮP DẦU KHÍ VIỆT NAM,"Số 14 ngõ 89 Đàm Quang Trung, Phường Long Biên, Quận Long Biên, Hà Nội"
TỔNG CÔNG TY CP KHOAN VÀ DỊCH VỤ KHOAN DẦU KHÍ,"130 phố Kim Hoa, Phường Phương Liên, Quận Đống đa, Hà Nội"
TỔNG CÔNG TY LƯƠNG THỰC MIỀN BẮC,"Số 1, thôn Thống Nhất, Xã Song Phượng, Huyện Đan Phượng, Hà Nội"
CÔNG TY CỔ PHẦN THƯƠNG MẠI VÀNG BẠC ĐÁ QUÝ PHƯƠNG NAM,"Số nhà 37, Ngõ 67, Đường Đình Thôn, TDP 8, Phường Mỹ Đình 1, Quận Nam Từ Liêm, Hà Nội"
CÔNG TY CP DƯỢC LIỆU TRUNG ƯƠNG 2,"Số 23, ngõ 82 phố Mễ Trì Hạ, Phường Mễ Trì, Quận Nam Từ Liêm, Hà Nội"
CÔNG TY CP VIỆT - PHÁP SẢN XUẤT THỨC ĂN GIA SÚC,"130 phố Kim Hoa, Phường Phương Liên, Quận Đống đa, Hà Nội"
NGÂN HÀNG TMCP QUỐC TẾ VIỆT NAM,"Số 1, thôn Thống Nhất, Xã Song Phượng, Huyện Đan Phượng, Hà Nội"
CÔNG TY TNHH ĐIỆN TỬ SAMSUNG VINA,"Số nhà 37, Ngõ 67, Đường Đình Thôn, TDP 8, Phường Mỹ Đình 1, Quận Nam Từ Liêm, Hà Nội"
CÔNG TY CP TẬP ĐOÀN MASAN,"Số 23, ngõ 82 phố Mễ Trì Hạ, Phường Mễ Trì, Quận Nam Từ Liêm, Hà Nội"
TỔNG CÔNG TY THUỶ TINH VÀ GỐM XÂY DỰNG,"Số 119 Mỹ Đình, Phường Mỹ Đình 2, Quận Nam Từ Liêm, Hà Nội"
TỔNG CÔNG TY CÔNG NGHIỆP THỰC PHẨM ĐỒNG NAI,"Số 23, ngõ 82 phố Mễ Trì Hạ, Phường Mễ Trì, Quận Nam Từ Liêm, Hà Nội"
CÔNG TY CP ACECOOK VIỆT NAM,"Tầng 2, Toà nhà AT Building, số 9, ngõ 7 đường Lê Đức Thọ, Phường Mỹ Đình 2, Quận Nam Từ Liêm, Hà Nội"
CÔNG TY TNHH ĐẦU TƯ PHÁT TRIỂN THƯƠNG MẠI SẢN XUẤT HOÀNG PHÁT,"Thôn Ngãi Cầu, Xã An Khánh, Huyện Hoài Đức, Hà Nội"
TỔNG CÔNG TY CP PHÂN BÓN VÀ HOÁ CHẤT DẦU KHÍ - CTCP,"Tầng 5, Số 24, ngõ 2 Trần Văn Lai, Phường Mỹ Đình 1, Quận Nam Từ Liêm, Hà Nội"
CÔNG TY TNHH DỊCH VỤ CƠ KHÍ HÀNG HẢI,"Số 41 Lý Thái Tổ, Phường Lý Thái Tổ, Quận Hoàn Kiếm, Hà Nội"
CÔNG TY CP ĐẦU TƯ - THƯƠNG MẠI SMC,"Số 59 Ngõ 129 phố Đại Linh, Phường Trung Văn, Quận Nam Từ Liêm, Hà Nội"
CÔNG TY TNHH DẦU THỰC VẬT CÁI LÂN,"NV6.8 khu đô thị chức năng Tây Mỗ, đường Hữu Hưng, Phường Tây Mỗ, Quận Nam Từ Liêm, Hà Nội"
CÔNG TY TNHH CARGILL VIỆT NAM,"A110, BT2A, Khu đô thị Mễ Trì Thượng, Đường Đại Lộ Thăng Lo, Phường Mễ Trì, Quận Nam Từ Liêm, Hà Nội"
CÔNG TY TNHH MTV THUỐC LÁ SÀI GÒN,"Số 114 Ngõ 8 Đường Lê Quang Đạo, Phường Phú Đô, Quận Nam Từ Liêm, Hà Nội"
TỔNG CÔNG TY CÔNG NGHIỆP SÀI GÒN – TNHH MTV,"Tầng 21, Tòa nhà Viwaseen, Số 48 Tố Hữu, Phường Trung Văn, Quận Nam Từ Liêm, Hà Nội"
CÔNG TY TNHH ZUELLIG PHARMA VIỆT NAM,"Số 44 đường Lương Thế Vinh, Phường Trung Văn, Quận Nam Từ Liêm, Hà Nội"
TỔNG CÔNG TY ĐÔNG BẮC,"BT32, Lô C1, KĐTNTL, Đường Nguyễn Hoàng Tôn, Phường Phú Thượng, Quận Tây Hồ, Hà Nội"
NGÂN HÀNG TMCP SÀI GÒN,"Số 24 ngách 34 ngõ 118 Đào Tấn, Phường Cống Vị, Quận Ba Đình, Hà Nội"
TỔNG CÔNG TY THƯƠNG MẠI HÀ NỘI,"Số 9C ngõ 181 Xuân Thuỷ, Phường Dịch Vọng Hậu, Quận Cầu Giấy, Hà Nội"
CÔNG TY CỔ PHẦN THƯƠNG MẠI SABECO TRUNG TÂM,"Số 25 ngõ 45 Trần Thái Tông, Phường Dịch Vọng, Quận Cầu Giấy, Hà Nội"
TỔNG CÔNG TY KHÁNH VIỆT – CÔNG TY TNHH MTV,"Số 57 Nguyễn Đình Thi, Phường Thuỵ Khuê, Quận Tây Hồ, Hà Nội"
CÔNG TY TNHH MTV ĐIỆN LỰC ĐỒNG NAI,"Số 138 Yên Lãng, Phường Thịnh Quang, Quận Đống đa, Hà Nội"
CÔNG TY TNHH HYOSUNG VIỆT NAM,"102 Thạch Cầu, Phường Long Biên, Quận Long Biên, Hà Nội"
CÔNG TY TNHH NHÀ MÁY TÀU BIỂN HYUNDAI - VINASHIN,"Cụm 1, Quỳnh Đô, Xã Vĩnh Quỳnh, Huyện Thanh Trì, Hà Nội"
CÔNG TY CP Y DƯỢC PHẨM VIMEDIMEX,"Số 89 đường nước Phần Lan, Phường Tứ Liên, Quận Tây Hồ, Hà Nội"
TỔNG CÔNG TY XÂY DỰNG VÀ PHÁT TRIỂN HẠ TẦNG,"Số nhà 32, Tổ 1 Đường ô tô số 8, Xã Vĩnh Quỳnh, Huyện Thanh Trì, Hà Nội"
TỔNG CÔNG TY TÀI CHÍNH CỔ PHẦN DẦU KHÍ VIỆT NAM,"K5, 09, Khu đô thị Nam Thăng Long, Phường Phú Thượng, Quận Tây Hồ, Hà Nội"
CÔNG TY CP DẦU KHÍ MÊ KÔNG,"Số nhà 29, tổ 4, cụm 1, Phường Xuân La, Quận Tây Hồ, Hà Nội"
CÔNG TY TNHH FRIESLANDCAMPINA VIỆT NAM,"Số nhà 15, Ngõ Giữa, Thôn Cổ Điển B, Xã Tứ Hiệp, Huyện Thanh Trì, Hà Nội"
CÔNG TY CP VÀNG BẠC ĐÁ QUÝ SJC HÀ NỘI,"Số 120 Đường Nguyễn Hoàng Tôn, Phường Xuân La, Quận Tây Hồ, Hà Nội"
CÔNG TY SẢN XUẤT THÉP ÚC SSE,"Số 39 Ngõ 222 Lê Duẩn, Phường Khâm Thiên, Quận Đống đa, Hà Nội"
CÔNG TY TNHH HOYA GLASS DISK VIỆT NAM,"20BT2 Khu đô thị mới Cầu Bươu, Xã Tân Triều, Huyện Thanh Trì, Hà Nội"
TỔNG CÔNG TY CP BIA RƯỢU NƯỚC GIẢI KHÁT HÀ NỘI,"Phòng 103, Số 37 Hùng Vương, Phường Điện Biên, Quận Ba Đình, Hà Nội"
CÔNG TY CP HOÀNG ANH GIA LAI,"Thôn Tảo Khê, Xã An Mỹ, Huyện Mỹ Đức, Hà Nội"
TỔNG CÔNG TY ĐẦU TƯ PHÁT TRIỂN HẠ TẦNG ĐÔ THỊ (UDIC),"Số 2, dãy 7, tổ 7, phố Viên, Phường Đức Thắng, Quận Bắc Từ Liêm, Hà Nội"
CÔNG TY TNHH SANYO DI SOLUTIONS VN,"Số 10 ngách 112 Ngõ 43 Tổ dân phố Đống 6, Phường Cổ Nhuế 2, Quận Bắc Từ Liêm, Hà Nội"
TỔNG CÔNG TY TRUYỀN TẢI ĐIỆN QUỐC GIA,"Số 275 Nguyễn Trãi, Phường Thanh Xuân Trung, Quận Thanh Xuân, Hà Nội"
CÔNG TY CỔ PHẦN THÉP THÉP VIỆT,"Số 1C, đường Trường Chinh, Phường Phương Liệt, Quận Thanh Xuân, Hà Nội"
CÔNG TY TNHH THƯƠNG MẠI DỊCH VỤ VÂN HẬU,"Số 18 ngách 71/66 Hoàng Văn Thái, Phường Khương Trung, Quận Thanh Xuân, Hà Nội"
CÔNG TY PEPSICO VIỆT NAM,"Tầng 2, Số 3 Thôn Tân Dân 1, Xã Phương Trung, Huyện Thanh Oai, Hà Nội"
CÔNG TY CỔ PHẦN HỮU HẠN VEDAN VIET NAM,"Số 4 ngõ 442 Vĩnh Hưng, Phường Vĩnh Hưng, Quận Hoàng Mai, Hà Nội"
CÔNG TY TNHH MTV THƯƠNG MẠI HA BE CO,"Thôn 7, Xã Cát Quế, Huyện Hoài Đức, Hà Nội"
CÔNG TY XĂNG DẦU HÀ SƠN BÌNH - TNHH MTV,"Tầng 4 toà nhà HUD3 tower, Số 121, 123, Đường Tô Hiệu, Phường Nguyễn Trãi, Quận Hà Đông, Hà Nội"
CÔNG TY TNHH BẢO HIỂM NHÂN THỌ PRUDENTIAL VIỆT NAM,"Số 61A Đường Đinh Tiên Hoàng, Phường Lý Thái Tổ, Quận Hoàn Kiếm, Hà Nội"
CÔNG TY TNHH THƯƠNG MẠI KHATOCO,"Số 126 ngõ 268 Ngọc Thụy, Phường Ngọc Thuỵ, Quận Long Biên, Hà Nội"
CÔNG TY CP TẬP ĐOÀN HOA SEN,"Thôn Thắng Hữu, Xã Minh Trí, Huyện Sóc Sơn, Hà Nội"
TỔNG CÔNG TY XÂY DỰNG CÔNG TRÌNH GIAO THÔNG 1,"Thôn Hương Đình, Xã Mai Đình, Huyện Sóc Sơn, Hà Nội"
TỔNG CÔNG TY BẢO VIỆT NHÂN THỌ,"Tầng 1, số 8, ngõ 22 Phố Đỗ Quang, Tổ 14, Phường Trung Hoà, Quận Cầu Giấy, Hà Nội"
CÔNG TY TNHH XI MĂNG HOLCIM VIỆTNAM,"Tầng 1, số 8, ngõ 22 Phố Đỗ Quang, Tổ 14, Phường Trung Hoà, Quận Cầu Giấy, Hà Nội"
CÔNG TY CP TẬP ĐOÀN THỦY SẢN MINH PHÚ,"Số 282 Đường Mễ Trì Thượng, Phường Mễ Trì, Quận Nam Từ Liêm, Hà Nội"
CÔNG TY XĂNG DẦU TÂY NAM BỘ,"Số 21C, ngõ 153/30 Châu Văn Liêm, Tổ 2, Phường Phú Đô, Quận Nam Từ Liêm, Hà Nội"
CÔNG TY HH SỢI TAINAN (VIET NAM),"Số 451 Vũ Tông Phan, Phường Thanh Xuân Trung, Quận Thanh Xuân, Hà Nội"
CÔNG TY CP VÀNG BẠC ĐÁ QUÝ SJC CHỢ LỚN,"Số nhà CL21, Khu Đô Thị Nam La Khê, Phường La Khê, Quận Hà Đông, Hà Nội"
NGÂN HÀNG TMCP ĐÔNG Á,"Tầng 11, Tòa nhà Zen Tower, số 12 Đường Khuất Duy Tiến, Phường Thanh Xuân Trung, Quận Thanh Xuân, Hà Nội"
CÔNG TY TNHH SONY ELECTRONICS VIỆT NAM,"Xã Đông Mỹ, Huyện Thanh Trì, Hà Nội"
CÔNG TY CP THƯƠNG MẠI NGUYỄN KIM,"Tổ 33, Phường Yên Hoà, Quận Cầu Giấy, Hà Nội"
CÔNG TY TNHH THÉP VINAKYOEI,"Tầng 12 Tòa nhà Diamond Flower, số 48 Lê Văn Lương, Phường Nhân Chính, Quận Thanh Xuân, Hà Nội"
CÔNG TY TNHH NIDEC TOSOK (VIỆT NAM),"Tầng 16, Tòa Việt á, số 9 Duy Tân, Phường Dịch Vọng Hậu, Quận Cầu Giấy, Hà Nội"
CÔNG TY XĂNG DẦU KHU VỰC V,"Số 6 ngõ 12 Hàm Nghi, Phường Mỹ Đình 2, Quận Nam Từ Liêm, Hà Nội"
CÔNG TY TNHH PETRONAS CARIGALI VIỆTNAM,"Thôn 2, Xã Cát Quế, Huyện Hoài Đức, Hà Nội"
CÔNG TY TNHH MTV DU LỊCH - THƯƠNG MẠI KIÊN GIANG,"Căn hộ văn phòng số 206, tầng 2, tòa nhà W2 khu Vinhomes Wes, Phường Mễ Trì, Quận Nam Từ Liêm, Hà Nội"
CÔNG TY CHANG SHIN VIỆT NAM TNHH,"Quốc lộ 32, thôn Thượng Thụy, Xã Đức Thượng, Huyện Hoài Đức, Hà Nội"
CÔNG TY TNHH SẢN XUẤT LẮP RÁP Ô TÔ CHU LAI TRƯỜNG HẢI,"Số 15 ngách 86/2 đường Nguyễn Văn Giáp, Phường Cầu Diễn, Quận Nam Từ Liêm, Hà Nội"
CÔNG TY CP HÙNG VƯƠNG  1200507529,"B103 Tầng 1, Tháp B, Tòa nhà Keangnam Landmark, Phường Mễ Trì, Quận Nam Từ Liêm, Hà Nội"
CÔNG TY CP CÁP ĐIỆN & HỆ THỐNG LS - VINA,"Nhà số 2, Ngách 9, Ngõ 61, Phố Định Công, Phường Thịnh Liệt, Quận Hoàng Mai, Hà Nội"
CÔNG TY TNHH ĐIỆN LỰC BOT PHÚ MỸ 3,"Thôn Khê Ngoại 3, Xã Văn Khê, Huyện Mê Linh, Hà Nội"
NGÂN HÀNG TMCP PHƯƠNG NAM,"Xã Sơn Đông, Thị Xã Sơn Tây, Hà Nội"
TẬP ĐOÀN CÔNG NGHIỆP CAO SU VIỆT NAM,"Tầng 14, Tòa nhà Việt á, số 9 phố Duy Tân, Phường Dịch Vọng Hậu, Quận Cầu Giấy, Hà Nội"
CÔNG TY AJINOMOTO VIỆT NAM,"17 W Park BLVD Sunrise E, Khu Đô Thị The Manor Central Park, Phường Đại Kim, Quận Hoàng Mai, Hà Nội"
CÔNG TY CP KINH DOANH THAN MIỀN BẮC - TKV,"Số 5 đường 8, 3, Thôn Chợ, Xã Bình Minh, Huyện Thanh Oai, Hà Nội"
CÔNG TY TNHH MTV TỔNG CÔNG TY TÂN CẢNG SÀI GÒN,"Số 20, ngách 1008/21 đường Quang Trung, Phường Yên Nghĩa, Quận Hà Đông, Hà Nội"
CÔNG TY CP NHIỆT ĐIỆN PHẢ LẠI,"Số 13 TT24 KĐT Văn Phú, Đường Trần Đăng Ninh kéo dài, Phường Phú La, Quận Hà Đông, Hà Nội"
TỔNG CÔNG TY CP BẢO HIỂM DẦU KHÍ VIỆT NAM,"Số 20 LK 10 Khu đô thị Văn Phú, Phường Phú La, Quận Hà Đông, Hà Nội"
CÔNG TY CP XI MĂNG HÀ TIÊN 1,"Số 1 Dãy C1, Khu Phố 7 Đường Phùng Hưng, Phường Phúc La, Quận Hà Đông, Hà Nội"
NGÂN HÀNG PHÁT TRIỂN NHÀ ĐỒNG BẰNG SÔNG CỬU LONG,"Thôn Hương Gia, Xã Phú Cường, Huyện Sóc Sơn, Hà Nội"
CÔNG TY CP KIM KHÍ THÀNH PHỐ HỒ CHÍ MINH,"Số 73 đường Gia Thượng, Tổ 18, Phường Thượng Thanh, Quận Long Biên, Hà Nội"
CÔNG TY TNHH DƯỢC PHẨM 3A,"Số nhà 106, ngách 106/94, ngõ 94 phố Thượng Thanh, Tổ 13, Phường Thượng Thanh, Quận Long Biên, Hà Nội"
TỔNG CÔNG TY CẢNG HÀNG KHÔNG MIỀN NAM - CÔNG TY TNHH MTV,"số nhà 42, Thị trấn Quốc Oai, Huyện Quốc Oai, Hà Nội"
CÔNG TY LIÊN DOANH THUỐC LÁ BAT-VINATABA,"Xóm 9, Xã Thạch Thán, Huyện Quốc Oai, Hà Nội"
"CÔNG TY TNHH MTV VẬT TƯ, VẬN TẢI VÀ XẾP DỠ - VINACOMIN","68 Nguyễn Huệ, Phường Bến Nghé, Quận 1, TP Hồ Chí Minh"
CÔNG TY CP DỆT 10/10,"Văn Phòng 02 Tầng 8, Khu Văn phòng, Tòa Nhà Pearl Plaza, 561, Phường 25, Quận Bình Thạnh, TP Hồ Chí Minh"
NGÂN HÀNG TMCP ĐẠI DƯƠNG,"SAV.8, 12.12 The Sun Avenue, 28 Mai Chí Thọ, Phường An Phú"
TỔNG CÔNG TY BẢO HIỂM BẢO VIỆT,"Số 38 đường 26, Phường Hiệp Bình Chánh"
CÔNG TY CP TAE KWANG VINA INDUSTRIAL,"156/49 Phú Thọ Hòa, Phường Phú Thọ Hoà, Quận Tân phú, TP Hồ Chí Minh"
CÔNG TY CP DỊCH VỤ TỔNG HỢP SÀI GÒN - SAVICO,"6/30/21 Đường 10, Khu phố 2, Phường Hiệp Bình Phước"
CÔNG TY CP TẬP ĐOÀN CÔNG NGHỆ CMC,"398/1A Đường Mã Lò, Phường Bình Hưng Hòa A, Quận Bình Tân, TP Hồ Chí Minh"
NGÂN HÀNG TMCP VIỆT NAM THỊNH VƯỢNG (VP BANK),"Tầng 1, Tòa nhà Packsimex, 52 Đông Du, Phường Bến Nghé, Quận 1, TP Hồ Chí Minh"
CÔNG TY TNHH FORD VIỆT NAM,"231, 233 Lê Thánh Tôn, Phường Bến Thành, Quận 1, TP Hồ Chí Minh"
CÔNG TY CP PHÂN BÓN BÌNH ĐIỀN,"28/60 Lê Thị Hồng, Phường 17, Quận Gò Vấp, TP Hồ Chí Minh"
CÔNG TY TNHH ĐIỆN LỰC HIỆP PHƯỚC,"28/22/31 Phan Tây Hồ, Phường 07, Quận Phú Nhuận, TP Hồ Chí Minh"
CÔNG TY CP BẢO VỆ THỰC VẬT AN GIANG,"116E Ngô Tất Tố, Phường 22, Quận Bình Thạnh, TP Hồ Chí Minh"
CÔNG TY NĂNG LƯỢNG MEKONG,"27 Đường Nội Khu 1, Khu phố Nam Viên (Lô S2), Phường Tân Phú, Quận 7, TP Hồ Chí Minh"
CÔNG TY TNHH THƯƠNG MẠI - DỊCH VỤ TÂN HIỆP PHÁT,"110/62/4 Tô Hiệu, Phường Hiệp Tân, Quận Tân phú, TP Hồ Chí Minh"
CÔNG TY XĂNG DẦU PHÚ KHÁNH,"Số nhà BC02, Đường 3b, Khu phố Lộc Phát, KDC Conic, Xã Phong Phú, Huyện Bình Chánh, TP Hồ Chí Minh"
CÔNG TY TNHH CÁN THÉP TAM ĐIỆP,"Số 27 đường C1, Phường 13, Quận Tân Bình, TP Hồ Chí Minh"
CÔNG TY TNHH CÔNG NGHIỆP BROTHER VIỆT NAM,"Số 30 đường Nguyễn Phi Khanh, Phường Tân Định, Quận 1, TP Hồ Chí Minh"
NGÂN HÀNG TMCP SÀI GÒN - HÀ NỘI,"44 Nguyễn Hiến Lê, Phường 13, Quận Tân Bình, TP Hồ Chí Minh"
CÔNG TY THỦY ĐIỆN HÒA BÌNH,"A5/14M58, ấp 1B, Đường 1A, Xã Vĩnh Lộc B, Huyện Bình Chánh, TP Hồ Chí Minh"
TỔNG CÔNG TY VẬT LIỆU XÂY DỰNG SỐ 1 – TNHH MTV," Lầu 2 HADO Airport Building, Số 2 Hồng Hà, Phường 2, Quận Tân Bình, TP Hồ Chí Minh"
CÔNG TY XĂNG DẦU NGHỆ TĨNH,"Số 107/8 Đường Liên Khu 45, Phường Bình Hưng Hòa B, Quận Bình Tân, TP Hồ Chí Minh"
CÔNG TY XI MĂNG CHINFON,"Số 05, Đường Số 34, Phường 10, Quận 6, TP Hồ Chí Minh"
CÔNG TY TNHH PANASONIC VIỆT NAM,"33 Nguyễn Văn Yến, Phường Tân Thới Hoà, Quận Tân phú, TP Hồ Chí Minh"
CÔNG TY CỔ PHẦN THÉP HOÀ PHÁT,"1/1 Trương Công Định, Phường 14, Quận Tân Bình, TP Hồ Chí Minh"
CÔNG TY TNHH THƯƠNG MẠI DỊCH VỤ ĐẦU TƯ SP,"Số nhà 37 đường Mạc Đĩnh Chi, Phường Đa Kao, Quận 1, TP Hồ Chí Minh"
CÔNG TY TNHH NHÀ NƯỚC MTV NHIỆT ĐIỆN CẦN THƠ,"Tầng G, 18E Cộng Hòa, Phường 4, Quận Tân Bình, TP Hồ Chí Minh"
CÔNG TY CP VINCOM,
CÔNG TY CP SÀI GÒN KIM HOÀN ACB-SJC,
CÔNG TY CP VINACAM,
TỔNG CÔNG TY ĐẦU TƯ VÀ PHÁT TRIỂN CÔNG NGHIỆP,
CÔNG TY CP TẬP ĐOÀN TÂN MAI,
CÔNG TY XĂNG DẦU KHU VỰC III - TNHH MTV,
CÔNG TY DÂY ĐỒNG VIỆT NAM CFT,
CÔNG TY CP HOÁ DẦU QUÂN ĐỘI,
TỔNG CÔNG TY TÍN NGHĨA,
CÔNG TY TNHH MTV XỔ SỐ KIẾN THIẾT TP. HỒ CHÍ MINH,
CÔNG TY CP THAN CỌC 6,
CÔNG TY TNHH MERCEDES-BENZ VIỆT NAM,
CÔNG TY TNHH DENSO VIỆT NAM,
CÔNG TY TNHH THÉP AN KHÁNH,
CÔNG TY CP ĐẦU TƯ VÀ XUẤT NHẬP KHẨU CÀ PHÊ TÂY NGUYÊN,
CÔNG TY TNHH UNI-PRESIDENT VIỆT NAM,
CÔNG TY TNHH PROCTER & GAMBLE VIỆT NAM,
CÔNG TY SUPE PHỐT PHÁT VÀ HOÁ CHẤT LÂM THAO,
CÔNG TY CP VẬT TƯ XĂNG DẦU,
CÔNG TY CP THƯƠNG NGHIỆP CÀ MAU,
TỔNG CÔNG TY XÂY DỰNG CÔNG NGHIỆP VIỆT NAM,
CÔNG TY CP XI MĂNG HƯỚNG DƯƠNG,
CÔNG TY TNHH MTV TỔNG CÔNG TY THÁI SƠN,
NGÂN HÀNG TMCP AN BÌNH,
CÔNG TY TNHH PIAGGIO VIỆT NAM,
CÔNG TY XI MĂNG HOÀNG THẠCH,
CÔNG TY LD BP PETCO TNHH,
CÔNG TY CỔ PHẦN Ô TÔ HUYNDAI THÀNH CÔNG VIỆT NAM,
CÔNG TY TNHH MTV XĂNG DẦU DẦU KHÍ MIỀN TRUNG,
CÔNG TY TNHH MTV CÔNG NGHIỆP HOÁ CHẤT MỎ - TKV,
CÔNG TY CP DÂY CÁP ĐIỆN TÂN CƯỜNG THÀNH,
CÔNG TY TNHH MTV VIỆT NAM KỸ NGHỆ SÚC SẢN VISSAN,
CÔNG TY CỔ PHẦN HỆ THỐNG THÔNG TIN FPT,
CÔNG TY CP XÂY DỰNG COTEC - COTECCONS,
CÔNG TY TNHH HỆ THỐNG DÂY SUMI-HANEL,
CÔNG TY CP VẬT TƯ NÔNG SẢN,
CÔNG TY CP XĂNG DẦU BÀ RỊA VŨNG TÀU,
CÔNG TY TNHH AN HƯNG TƯỜNG,
CÔNG TY TNHH OLAM VIỆT NAM,
CÔNG TY CP DẦU THỰC VẬT TƯỜNG AN,
TỔNG CÔNG TY NÔNG NGHIỆP SÀI GÒN – TNHH MTV,
CÔNG TY TNHH CÔNG NGHIỆP THƯƠNG MẠI THÁI SƠN,
CÔNG TY CP CƠ KHÍ VĨNH PHÚC,
CÔNG TY XI MĂNG NGHI SƠN,
CÔNG TY CP XÂY DỰNG VÀ KINH DOANH VẬT TƯ,
CÔNG TY CP GREENFEED VIỆT NAM,
CÔNG TY ÔTÔ VIỆT NAM DAEWOO,
CÔNG TY TNHH THÉP VSC- POSCO,
TỔNG CÔNG TY KHOÁNG SẢN T K V,
CÔNG TY CP THÉP VIỆT - Ý,
CÔNG TY CP ĐẦU TƯ – CÔNG NGHIỆP TÂN TẠO,
CÔNG TY CP VĨNH HOÀN,
TỔNG CÔNG TY VẬN TẢI HÀ NỘI,
CÔNG TY TNHH MTV ĐIỆN LỰC HẢI PHÒNG,
CÔNG TY CP TẬP ĐOÀN MAI LINH,
CÔNG TY CP XUẤT NHẬP KHẨU VĨNH LONG,
CÔNG TY CP TẬP ĐOÀN THÉP TIẾN LÊN,
CÔNG TY TNHH NESTLE VIỆT NAM,
CÔNG TY TNHH YAZAKI HẢI PHÒNG VIỆT NAM,
CÔNG TY CP PHÂN BÓN MIỀN NAM,
CÔNG TY CP THẾ GIỚI DI ĐỘNG,
CÔNG TY TNHH ĐIỆN TỬ FOSTER VIỆT NAM,
CÔNG TY TNHH MTV THUỐC LÁ THĂNG LONG,
CÔNG TY TNHH CHẾ BIẾN THỦY SẢN MINH QUÍ,
CÔNG TY TNHH MTV XNK 2-9 ĐĂK LĂK,
TỔNG CÔNG TY CP PHONG PHÚ,
CÔNG TY CP HỮU LIÊN Á CHÂU,
CÔNG TY TNHH MTV CAO SU DẦU TIẾNG,
CÔNG TY CP VẬN TẢI BIỂN VIỆT NAM,
CÔNG TY XĂNG DẦU HÀ NAM NINH,
CÔNG TY THÔNG TIN VIỄN THÔNG ĐIỆN LỰC,
CÔNG TY CP CÀ PHÊ AN GIANG,
CÔNG TY XĂNG DẦU BẮC TÂY NGUYÊN,
CÔNG TY TNHH DỊCH VỤ VÀ THƯƠNG MẠI MESA,
CÔNG TY TNHH 1TV HOÁ DẦU QUÂN ĐỘI,
CÔNG TY CP DINH DƯỠNG NÔNG NGHIỆP QUỐC TẾ,
CÔNG TY LIÊN DOANH SẢN XUẤT THÉP VINAUSTEEL,
TỔNG CÔNG TY ĐẦU TƯ VÀ KINH DOANH VỐN NHÀ NƯỚC,
CÔNG TY TNHH THƯƠNG MẠI - DỊCH VỤ KIM ÁNH,
CÔNG TY TNHH BLUESCOPE STEEL,
CÔNG TY TNHH LIÊN DOANH PHÚ MỸ HƯNG,
CÔNG TY CP KINH DOANH KHÍ HOÁ LỎNG MIỀN BẮC,
CÔNG TY CP XI MĂNG BỈM SƠN,
CÔNG TY CP CÔNG NGHIỆP CAO SU MIỀN NAM,
CÔNG TY TNHH LG ELECTRONICS VIỆT NAM,
CÔNG TY CP GENTRACO,
CÔNG TY CP ĐƯỜNG QUẢNG NGÃI,
CÔNG TY CP KINH ĐÔ,
TỔNG CÔNG TY CÔNG NGHIỆP MỎ VIỆT BẮC - VINACOMIN,
CÔNG TY CP SUN STEEL,
CÔNG TY TNHH MTV - TỔNG CÔNG TY XÂY DỰNG CÔNG TRÌNH GIAO THÔNG 4,
CÔNG TY CP THAN CAO SƠN - VINACOMIN,
NGÂN HÀNG TMCP BƯU ĐIỆN LIÊN VIỆT,
CÔNG TY CP XNK TỔNG HỢP BÌNH PHƯỚC,
CÔNG TY CỔ PHẦN VIỄN THÔNG FPT,
CÔNG TY CP THÉP NAM KIM,
CÔNG TY CP VẬT TƯ TỔNG HỢP PHÚ YÊN,
CÔNG TY TNHH NHỰA VÀ HOÁ CHẤT TPC VINA,
NGÂN HÀNG TMCP PHÁT TRIỂN THÀNH PHỐ HỒ CHÍ MINH,
CÔNG TY CP VẬT TƯ VẬN TẢI XI MĂNG,
CÔNG TY TNHH NƯỚC GIẢI KHÁT COCA COLA VIỆT NAM,
CÔNG TY TNHH LE LONG VIỆT NAM,
CÔNG TY CP TẬP ĐOÀN QUỐC TẾ NĂM SAO,
CÔNG TY PHỤ TÙNG XE MÁY ÔTÔ GOSHI THĂNG LONG,
CÔNG TY CP VẬT TƯ KỸ THUẬT NÔNG NGHIỆP CẦN THƠ,
CÔNG TY CP XNK HÀ ANH,
TỔNG CÔNG TY MIỀN TRUNG,
CÔNG TY TNHH MTV ĐÓNG TÀU HẠ LONG,
CÔNG TY TNHH SẢN XUẤT THƯƠNG MẠI HOÀ BÌNH,
CÔNG TY LD TNHH KCN VIỆT NAM SINGAPORE,
TỔNG CÔNG TY CP BẢO MINH,
CÔNG TY TNHH CAO PHONG,
CÔNG TY CP CƠ ĐIỆN TRẦN PHÚ,
NGÂN HÀNG TMCP DẦU KHÍ TOÀN CẦU,
CÔNG TY TNHH SẢN XUẤT PHỤ TÙNG ÔTÔ XE MÁY VIỆT NAM (VAP),
CÔNG TY CP ĐẠI LÝ LIÊN HIỆP VẬN CHUYỂN - GEMADEPT,
CÔNG TY CP GAS PETROLIMEX,
CÔNG TY TNHH THƯƠNG MẠI VÀ SẢN XUẤT TIẾN VINH,
CÔNG TY TNHH DINH DƯỠNG Á CHÂU,
CÔNG TY CP THAN ĐÈO NAI - TKV,
CÔNG TY CP TẬP ĐOÀN PHÚ THÁI,
CÔNG TY TNHH MTV XỔ SỐ KIẾN THIẾT TÂY NINH,
CÔNG TY TNHH MTV XỔ SỐ KIẾN THIẾT VĨNH LONG,
TỔNG CÔNG TY CP MAY VIỆT TIẾN,
TỔNG CÔNG TY GIẤY VIỆT NAM,
CÔNG TY CỔ PHẦN TẬP ĐOÀN HANAKA,
CÔNG TY CP DÂY CÁP ĐIỆN VIỆT NAM (CADIVI),
CÔNG TY CP XNK NÔNG SẢN THỰC PHẨM AN GIANG,
CÔNG TY TNHH MTV TỔNG CÔNG TY CAO SU ĐỒNG NAI,
CÔNG TY CP THAN VÀNG DANH - TKV,
CÔNG TY CP XUẤT NHẬP KHẨU TẠP PHẨM,
CÔNG TY CP NAM VANG,
CÔNG TY TNHH HÀNG GIA DỤNG TOSHIBA VIỆT NAM,
CÔNG TY TNHH MTV XỔ SỐ KIẾN THIẾT TIỀN GIANG,
CÔNG TY CỔ PHẦN TẬP ĐOÀN ĐẠI DƯƠNG,
CÔNG TY CỔ PHẦN NĂNG LƯỢNG HOÀ PHÁT,
CÔNG TY TNHH CARGILL LONG AN,
NGÂN HÀNG TMCP SÀI GÒN CÔNG THƯƠNG,
CÔNG TY TNHH MTV NHIỆT ĐIỆN THỦ ĐỨC,
TỔ HỢP TRUYỀN THÔNG ĐA PHƯƠNG TIỆN ĐẤT VIỆT VAC,
CÔNG TY CP THAN NÚI BÉO - TKV,
CÔNG TY CP TẬP ĐOÀN KỸ NGHỆ GỖ TRƯỜNG THÀNH,
CÔNG TY CP CAO SU ĐÀ NẴNG,
TRUNG TÂM DỊCH VỤ THƯƠNG NGHIỆP VÀ XÂY LẮP,
CÔNG TY TNHH MTV XỔ SỐ KIẾN THIẾT VÀ DỊCH VỤ TỔNG HỢP ĐỒNG NAI,
CÔNG TY TNHH JAPFA COMFEED LONG AN,
CÔNG TY XĂNG DẦU THANH HOÁ,
CÔNG TY TNHH MTV NHIỆT ĐIỆN UÔNG BÍ,
CÔNG TY CP CAO SU PHƯỚC HOÀ,
TỔNG CÔNG TY CP VẬN TẢI DẦU KHÍ (PV TRANS),
CÔNG TY TNHH LỐP KUMHO VIỆT NAM,
CÔNG TY CP XI MĂNG CẨM PHẢ,
CÔNG TY LIÊN DOANH TNHH CROWN SÀI GÒN,
C.TY CỔ PHẦN QUẢN LÝ ĐẦU TƯ VÀ PHÁT TRIỂN,
CÔNG TY TNHH XUÂN LỘC THỌ,
CÔNG TY CP SẮT THÉP CỬU LONG,
CÔNG TY LƯƠNG THỰC LONG AN,
CÔNG TY CỔ PHẦN PI CO,
CÔNG TY CP TẬP ĐOÀN DẦU KHÍ AN PHA,
CÔNG TY CP ỐNG THÉP VIỆT - ĐỨC VG PIPE,
CÔNG TY CP THÉP VẠN LỢI,
CÔNG TY TNHH NHỰA VÀ HOÁ CHẤT PHÚ MỸ,
CÔNG TY TNHH XĂNG DẦU PHÚ LỢI,
CÔNG TY CP THÉP ĐÌNH VŨ,
CÔNG TY TNHH PROCTER & GAMBLE ĐÔNG DƯƠNG,
CÔNG TY CP PHÂN PHỐI KHÍ THẤP ÁP DẦU KHÍ VIỆT NAM,
CÔNG TY CỔ PHẦN THƯƠNG MẠI SABECO NAM TRUNG BỘ,
CÔNG TY CP VẬN TẢI VÀ THUÊ TÀU BIỂN VIỆT NAM,
CÔNG TY TNHH THIÊN LỘC PHÚC,
CÔNG TY TNHH SẢN XUẤT THÉP NGUYỄN MINH,
CÔNG TY CP SÔNG ĐÀ - THĂNG LONG,
CÔNG TY XI MĂNG PHÚC SƠN,
CÔNG TY TNHH MTV GẠO VIỆT,
CÔNG TY TNHH SẢN XUẤT LẮP RÁP Ô TÔ DU LỊCH TRƯỜNG HẢI KIA,
CÔNG TY CP XNK PETROLIMEX,
CÔNG TY XĂNG DẦU BẮC THÁI,
CÔNG TY CP TRUNG NGUYÊN,
CÔNG TY TNHH SẢN XUẤT THƯƠNG MẠI THÀNH LONG,
CÔNG TY CP DƯỢC HẬU GIANG,
CÔNG TY CP LƯƠNG THỰC HÀ BẮC,
CÔNG TY TNHH MTV THAN HÒN GAI - TKV,
CÔNG TY XĂNG DẦU HÀ BẮC,
CÔNG TY CỔ PHẦN CÀ PHÊ THÁI HÒA LÂM ĐỒNG,
CÔNG TY CP THỰC PHẨM CÔNG NGHỆ SÀI GÒN,
CÔNG TY CP THỨC ĂN CHĂN NUÔI VIỆT THẮNG,
CÔNG TY CP LƯƠNG THỰC THỰC PHẨM MIỀN NAM,
CÔNG TY TNHH TOYODA GOSEI HẢI PHÒNG,
CÔNG TY XĂNG DẦU NAM TÂY NGUYÊN,
CÔNG TY TNHH CJ VINA AGRI,
CÔNG TY SHELL VIỆT NAM TNHH,
CÔNG TY CP HÀNG KHÔNG JETSTAR PACIFIC AIRLINES,
CÔNG TY TNHH THƯƠNG MẠI VÀ DỊCH VỤ SIÊU THỊ BIG C AN LẠC,
TỔNG CÔNG TY CP PHÁT TRIỂN ĐÔ THỊ KINH BẮC,
CÔNG TY TNHH BAYER VIỆT NAM,
CÔNG TY CP NHIỆT ĐIỆN BÀ RỊA,
CÔNG TY TNHH NIDEC VIỆT NAM CORPORATION,
CÔNG TY TNHH BIA HUẾ,
CÔNG TY TNHH MTV APATIT VIỆT NAM,
CÔNG TY CP ĐƯỜNG BIÊN HÒA,
CÔNG TY TNHH HẢI LINH,
CÔNG TY TNHH MTV ĐIỀU HÀNH THĂM DÒ KHAI THÁC DẦU KHÍ ĐẠI,
CÔNG TY TNHH MTV DƯỢC PHẨM TRUNG ƯƠNG 1,
CÔNG TY TNHH MTV ĐIỆN LỰC HẢI DƯƠNG,
CÔNG TY CP ĐẦU TƯ VÀ SẢN XUẤT GIẦY THÁI BÌNH,
CÔNG TY CP THƯƠNG MẠI VÀ DỊCH VỤ CẦN GIỜ,
CÔNG TY CP SẢN XUẤT - THƯƠNG MẠI THÀNH THÀNH CÔNG,
CÔNG TY CP TOYOTA ĐÔNG SÀI GÒN,
CÔNG TY CP XUẤT NHẬP KHẨU AN GIANG,
TỔNG CÔNG TY XÂY DỰNG SỐ 1 - TNHH MTV,
CÔNG TY CỔ PHẦN ĐẠI TÂN VIỆT,
CÔNG TY TNHH MTV XỔ SỐ KIẾN THIẾT ĐỒNG THÁP,
CÔNG TY CP NHỰA THIẾU NIÊN TIỀN PHONG,
CÔNG TY CP TẬP ĐOÀN THÁI HÒA VIỆT NAM,
CÔNG TY HÀ THÀNH,
CÔNG TY CỔ PHẦN LUYỆN THÉP SÔNG ĐÀ,
CÔNG TY CP ÁNH DƯƠNG VIỆT NAM,
CÔNG TY TNHH IPC,
CÔNG TY TÀI CHÍNH CỔ PHẦN ĐIỆN LỰC,
TỔNG CÔNG TY CP DỆT MAY HÀ NỘI,
CÔNG TY CP BẢO HIỂM PETROLIMEX,
CÔNG TY TNHH KINH DOANH CHẾ BIẾN THỦY SẢN VÀ XNK QUỐC VIỆT,
CÔNG TY TNHH KIM KHÍ HOÀNG PHONG,
CÔNG TY TNHH THƯƠNG MẠI VÀ SẢN XUẤT NAM PHÁT,
CÔNG TY CP SẢN XUẤT THƯƠNG MẠI XUẤT NHẬP KHẨU VIỄN THÔNG A,
TỔNG CÔNG TY MAY NHÀ BÈ - CÔNG TY CP (NBC),
CÔNG TY CP DỆT MAY - ĐẦU TƯ - THƯƠNG MẠI THÀNH CÔNG,
CÔNG TY TNHH SẮT THÉP VINH ĐA,
CÔNG TY TNHH XÂY LẮP VÀ VẬT LIỆU CÔNG NGHIỆP,
"CÔNG TY CP ĐẦU TƯ, THƯƠNG MẠI VÀ DỊCH VỤ - VINACOMIN",
CÔNG TY TNHH KIMBERLY CLARK VIỆT NAM,
CÔNG TY TNHH THƯƠNG MẠI DỊCH VỤ THIÊN NAM HOÀ,
CÔNG TY CỔ PHẦN XÂY DỰNG VÀ PHÁT TRIỂN NHÀ HOÀNG ANH,
CÔNG TY CỔ PHẦN NÔNG LÂM SẢN KG,
CÔNG TY CP XĂNG DẦU TÍN NGHĨA,
CÔNG TY CP VẬT TƯ VÀ THIẾT BỊ TOÀN BỘ,
CÔNG TY TNHH THỨC ĂN GIA SÚC LÁI THIÊU,
CÔNG TY TNHH MTV XỔ SỐ KIẾN THIẾT BÌNH DƯƠNG,
CÔNG TY PHÂN BÓN VIỆT NHẬT,
CÔNG TY TNHH SẢN XUẤT KINH DOANH XNK BÌNH MINH,
CÔNG TY TNHH ABB,
CÔNG TY CP ĐẠI THIÊN LỘC,
CÔNG TY CP INTIMEX VIỆT NAM,
CÔNG TY TNHH MTV XỔ SỐ KIẾN THIẾT VÀ KINH DOANH TỔNG HỢP TỈNH BÀ RỊA-VŨNG TÀU,
CÔNG TY CP XNK THỦY SẢN AN GIANG,
CÔNG TY LIÊN DOANH TOYOTA GIẢI PHÓNG,
CÔNG TY TNHH MTV DƯỢC SÀI GÒN,
NGÂN HÀNG TMCP PHƯƠNG ĐÔNG,
CÔNG TY TNHH THỰC PHẨM ORION VINA,
CÔNG TY CP HÓA DẦU PETROLIMEX,
CÔNG TY CP SẢN XUẤT VÀ THƯƠNG MẠI NGUYỄN MINH,
CÔNG TY CỔ PHẦN THƯƠNG MẠI SABECO MIỀN ĐÔNG,
NGÂN HÀNG TMCP NAM VIỆT,
CÔNG TY TNHH HÀ NỘI CHỢ LỚN,
TỔNG CÔNG TY DUNG DỊCH KHOAN VÀ HÓA PHẨM DẦU KHÍ,
CÔNG TY TNHH NEW HOPE HÀ NỘI,
CÔNG TY TNHH NGUYÊN CƯỜNG,
CÔNG TY CỔ PHẦN CÀ PHÊ PETEC,
CÔNG TY CỔ PHẦN CÔNG TRÌNH VIETTEL,
CÔNG TY CP THỰC PHẨM Á CHÂU,
CÔNG TY TNHH NHÀ THÉP TIỀN CHẾ - ZAMIL VIỆT NAM,
CÔNG TY TNHH XUẤT NHẬP KHẨU KIÊN GIANG,
TỔNG CÔNG TY XÂY DỰNG THUỶ LỢI IV,
CÔNG TY TNHH THƯƠNG MẠI VÀ SẢN XUẤT THÉP T.V.P,
CÔNG TY TNHH MTV XỔ SỐ KIẾN THIẾT TP CẦN THƠ,
CÔNG TY CỔ PHẦN PIN ĂC QUY MIỀN NAM,
CÔNG TY CỔ PHẦN THAN HÀ TU,
CÔNG TY CỔ PHẦN TẬP ĐOÀN QUANG MINH,
CÔNG TY CỔ PHẦN CHẾ BIẾN THỦY SẢN ÚT XI,
NGÂN HÀNG THƯƠNG MẠICP XĂNG DẦU PETROLIMEX,
CÔNG TY CP SÔNG ĐÀ,
CÔNG TY CỔ PHẦN VẬT TƯ HẬU GIANG,
CÔNG TY CỔ PHẦN THƯƠNG MẠI XNK THỦ ĐỨC,
CÔNG TY CỔ PHẦN CHỨNG KHOÁN NH NÔNG NGHIỆP VÀ PHÁT TRIỂN NÔNG THÔN VIỆT NAM,
CÔNG TY CỔ PHẦN VIỆT AN,
CÔNG TY CỔ PHẦN PHÚ TÀI,
CÔNG TY CỔ PHẦN THÉP THỦ ĐỨC,
CÔNG TY THƯƠNG MẠI VÀ ĐẠI LÝ DẦU,
CÔNG TY XỔ SỐ KIẾN THIẾT AN GIANG,
CÔNG TY CỔ PHẦN THUỶ SẢN XNK TH SÓC TRĂNG,
CÔNG TY CỔ PHẦN THAN SÔNG HỒNG,
CÔNG TY CỔ PHẦN SA BECO TÂY NGUYÊN,
NGÂN HÀNG TMCP ĐẠI TÍN,
CÔNG TY CỔ PHẦN VIỆT KIM,
CÔNG TY TÔN PHƯƠNG NAM,
CÔNG TY CỔ PHẦN GIAO NHẬN VÀ VẬN CHUYỂN INDO TRẦN,
CÔNG TY CỔ PHẦN XÂY DỰNG,
CÔNG TY TNHH THƯƠNG MẠI & DỊCH VỤ PHÁT TIẾN,
CÔNG TY TNHH TRUNG CHÍNH,
CÔNG TY CỔ PHẦN SẢN XUẤT VÀ THƯƠNG MẠI PHÚC TIẾN,
"CÔNG TY CỔ PHẦN DƯỢC , THIẾT BỊ Y TẾ ĐÀ NẴNG",
CÔNG TY CỔ PHẦN CHẾ BIẾN THỦY SẢN XNK CÀ MAU,
CÔNG TY XI MĂNG BÚT SƠN,
CÔNG TY CỔ PHẦN NAM VIỆT,
CÔNG TY LƯƠNG THỰC THỰC PHẨM VĨNH LONG,
CÔNG TY CỔ PHẦN ĐTK,
CÔNG TY CỔ PHẦN QUỐC TẾ SƠN HÀ,
CÔNG TY CỔ PHẦN THẾ GIỚI SỐ,
CÔNG TY CỔ PHẦN CHỨNG KHOÁN SÀI GÒN,
CÔNG TY DỊCH VỤ HÀNG KHÔNG SÂN BAY TÂN SƠN NHẤT,